Document_id,Project_id,Document_name,Document_path,Uploaded_at
1,1,Project Proposal,docs/project_1/proposal.pdf,2025-03-08 10:30:00
2,1,Technical Specification,docs/project_1/specs.pdf,2025-03-08 11:00:00
3,2,Research Paper,docs/project_2/research.pdf,2025-03-07 14:20:00
4,3,Implementation Guide,docs/project_3/guide.pdf,2025-03-06 09:45:00
5,4,Design Document,docs/project_4/design.pdf,2025-03-05 16:10:00
6,5,Test Cases,docs/project_5/tests.pdf,2025-03-05 12:30:00
7,6,Project Report,docs/project_6/report.pdf,2025-03-04 08:50:00
8,7,API Documentation,docs/project_7/api_docs.pdf,2025-03-03 17:05:00
9,8,User Manual,docs/project_8/user_manual.pdf,2025-03-02 15:40:00
10,9,Source Code,docs/project_9/source.zip,2025-03-01 10:00:00
11,10,Deployment Guide,docs/project_10/deployment.pdf,2025-02-28 13:15:00
