user_id,password,user_type,student_id,faculty_id
100,password100,student,112201001,
101,password101,student,112201002,
102,password102,student,112201003,
103,password103,student,112201004,
104,password104,student,112201005,
105,password105,student,112201006,
106,password106,student,112201007,
107,password107,student,112201008,
108,password108,student,112201009,
109,password109,student,112201010,
110,password110,student,112201011,
111,password111,student,112201012,
112,password112,student,112201013,
113,password113,student,112201014,
114,password114,student,112201015,
115,password115,student,112201016,
116,password116,student,112201017,
117,password117,student,112201018,
118,password118,student,112201019,
119,password119,student,112201020,
120,password120,student,112201021,
121,password121,student,112201022,
122,password122,student,112201023,
123,password123,student,112201024,
124,password124,student,112201025,
125,password125,student,112301001,
126,password126,student,112301002,
127,password127,student,112301003,
128,password128,student,112301004,
129,password129,student,112301005,
130,password130,student,112301006,
131,password131,student,112301007,
132,password132,student,112301008,
133,password133,student,112301009,
134,password134,student,112301010,
135,password135,student,112301011,
136,password136,student,112301012,
137,password137,student,112301013,
138,password138,student,112301014,
139,password139,student,112301015,
140,password140,student,112301016,
141,password141,student,112301017,
142,password142,student,112301018,
143,password143,student,112301019,
144,password144,student,112301020,
145,password145,student,112301021,
146,password146,student,112301022,
147,password147,student,112301023,
148,password148,student,112301024,
149,password149,student,112301025,
150,password150,student,112401001,
151,password151,student,112401002,
152,password152,student,112401003,
153,password153,student,112401004,
154,password154,student,112401005,
155,password155,student,112401006,
156,password156,student,112401007,
157,password157,student,112401008,
158,password158,student,112401009,
159,password159,student,112401010,
160,password160,student,112401011,
161,password161,student,112401012,
162,password162,student,112401013,
163,password163,student,112401014,
164,password164,student,112401015,
165,password165,student,112401016,
166,password166,student,112401017,
167,password167,student,112401018,
168,password168,student,112401019,
169,password169,student,112401020,
170,password170,student,112401021,
171,password171,student,112401022,
172,password172,student,112401023,
173,password173,student,112401024,
174,password174,student,112401025,
175,password175,student,112501001,
176,password176,student,112501002,
177,password177,student,112501003,
178,password178,student,112501004,
179,password179,student,112501005,
180,password180,student,112501006,
181,password181,student,112501007,
182,password182,student,112501008,
183,password183,student,112501009,
184,password184,student,112501010,
185,password185,student,112501011,
186,password186,student,112501012,
187,password187,student,112501013,
188,password188,student,112501014,
189,password189,student,112501015,
190,password190,student,112501016,
191,password191,student,112501017,
192,password192,student,112501018,
193,password193,student,112501019,
194,password194,student,112501020,
195,password195,student,112501021,
196,password196,student,112501022,
197,password197,student,112501023,
198,password198,student,112501024,
199,password199,student,112501025,
200,password200,student,102201001,
201,password201,student,102201002,
202,password202,student,102201003,
203,password203,student,102201004,
204,password204,student,102201005,
205,password205,student,102201006,
206,password206,student,102201007,
207,password207,student,102201008,
208,password208,student,102201009,
209,password209,student,102201010,
210,password210,student,102201011,
211,password211,student,102201012,
212,password212,student,102201013,
213,password213,student,102201014,
214,password214,student,102201015,
215,password215,student,102201016,
216,password216,student,102201017,
217,password217,student,102201018,
218,password218,student,102201019,
219,password219,student,102201020,
220,password220,student,102201021,
221,password221,student,102201022,
222,password222,student,102201023,
223,password223,student,102201024,
224,password224,student,102201025,
225,password225,student,102301001,
226,password226,student,102301002,
227,password227,student,102301003,
228,password228,student,102301004,
229,password229,student,102301005,
230,password230,student,102301006,
231,password231,student,102301007,
232,password232,student,102301008,
233,password233,student,102301009,
234,password234,student,102301010,
235,password235,student,102301011,
236,password236,student,102301012,
237,password237,student,102301013,
238,password238,student,102301014,
239,password239,student,102301015,
240,password240,student,102301016,
241,password241,student,102301017,
242,password242,student,102301018,
243,password243,student,102301019,
244,password244,student,102301020,
245,password245,student,102301021,
246,password246,student,102301022,
247,password247,student,102301023,
248,password248,student,102301024,
249,password249,student,102301025,
250,password250,student,102401001,
251,password251,student,102401002,
252,password252,student,102401003,
253,password253,student,102401004,
254,password254,student,102401005,
255,password255,student,102401006,
256,password256,student,102401007,
257,password257,student,102401008,
258,password258,student,102401009,
259,password259,student,102401010,
260,password260,student,102401011,
261,password261,student,102401012,
262,password262,student,102401013,
263,password263,student,102401014,
264,password264,student,102401015,
265,password265,student,102401016,
266,password266,student,102401017,
267,password267,student,102401018,
268,password268,student,102401019,
269,password269,student,102401020,
270,password270,student,102401021,
271,password271,student,102401022,
272,password272,student,102401023,
273,password273,student,102401024,
274,password274,student,102401025,
275,password275,student,102501001,
276,password276,student,102501002,
277,password277,student,102501003,
278,password278,student,102501004,
279,password279,student,102501005,
280,password280,student,102501006,
281,password281,student,102501007,
282,password282,student,102501008,
283,password283,student,102501009,
284,password284,student,102501010,
285,password285,student,102501011,
286,password286,student,102501012,
287,password287,student,102501013,
288,password288,student,102501014,
289,password289,student,102501015,
290,password290,student,102501016,
291,password291,student,102501017,
292,password292,student,102501018,
293,password293,student,102501019,
294,password294,student,102501020,
295,password295,student,102501021,
296,password296,student,102501022,
297,password297,student,102501023,
298,password298,student,102501024,
299,password299,student,102501025,
300,password300,student,122201001,
301,password301,student,122201002,
302,password302,student,122201003,
303,password303,student,122201004,
304,password304,student,122201005,
305,password305,student,122201006,
306,password306,student,122201007,
307,password307,student,122201008,
308,password308,student,122201009,
309,password309,student,122201010,
310,password310,student,122201011,
311,password311,student,122201012,
312,password312,student,122201013,
313,password313,student,122201014,
314,password314,student,122201015,
315,password315,student,122201016,
316,password316,student,122201017,
317,password317,student,122201018,
318,password318,student,122201019,
319,password319,student,122201020,
320,password320,student,122201021,
321,password321,student,122201022,
322,password322,student,122201023,
323,password323,student,122201024,
324,password324,student,122201025,
325,password325,student,122301001,
326,password326,student,122301002,
327,password327,student,122301003,
328,password328,student,122301004,
329,password329,student,122301005,
330,password330,student,122301006,
331,password331,student,122301007,
332,password332,student,122301008,
333,password333,student,122301009,
334,password334,student,122301010,
335,password335,student,122301011,
336,password336,student,122301012,
337,password337,student,122301013,
338,password338,student,122301014,
339,password339,student,122301015,
340,password340,student,122301016,
341,password341,student,122301017,
342,password342,student,122301018,
343,password343,student,122301019,
344,password344,student,122301020,
345,password345,student,122301021,
346,password346,student,122301022,
347,password347,student,122301023,
348,password348,student,122301024,
349,password349,student,122301025,
350,password350,student,122401001,
351,password351,student,122401002,
352,password352,student,122401003,
353,password353,student,122401004,
354,password354,student,122401005,
355,password355,student,122401006,
356,password356,student,122401007,
357,password357,student,122401008,
358,password358,student,122401009,
359,password359,student,122401010,
360,password360,student,122401011,
361,password361,student,122401012,
362,password362,student,122401013,
363,password363,student,122401014,
364,password364,student,122401015,
365,password365,student,122401016,
366,password366,student,122401017,
367,password367,student,122401018,
368,password368,student,122401019,
369,password369,student,122401020,
370,password370,student,122401021,
371,password371,student,122401022,
372,password372,student,122401023,
373,password373,student,122401024,
374,password374,student,122401025,
375,password375,student,122501001,
376,password376,student,122501002,
377,password377,student,122501003,
378,password378,student,122501004,
379,password379,student,122501005,
380,password380,student,122501006,
381,password381,student,122501007,
382,password382,student,122501008,
383,password383,student,122501009,
384,password384,student,122501010,
385,password385,student,122501011,
386,password386,student,122501012,
387,password387,student,122501013,
388,password388,student,122501014,
389,password389,student,122501015,
390,password390,student,122501016,
391,password391,student,122501017,
392,password392,student,122501018,
393,password393,student,122501019,
394,password394,student,122501020,
395,password395,student,122501021,
396,password396,student,122501022,
397,password397,student,122501023,
398,password398,student,122501024,
399,password399,student,122501025,
400,password400,student,132201001,
401,password401,student,132201002,
402,password402,student,132201003,
403,password403,student,132201004,
404,password404,student,132201005,
405,password405,student,132201006,
406,password406,student,132201007,
407,password407,student,132201008,
408,password408,student,132201009,
409,password409,student,132201010,
410,password410,student,132201011,
411,password411,student,132201012,
412,password412,student,132201013,
413,password413,student,132201014,
414,password414,student,132201015,
415,password415,student,132201016,
416,password416,student,132201017,
417,password417,student,132201018,
418,password418,student,132201019,
419,password419,student,132201020,
420,password420,student,132201021,
421,password421,student,132201022,
422,password422,student,132201023,
423,password423,student,132201024,
424,password424,student,132201025,
425,password425,student,132301001,
426,password426,student,132301002,
427,password427,student,132301003,
428,password428,student,132301004,
429,password429,student,132301005,
430,password430,student,132301006,
431,password431,student,132301007,
432,password432,student,132301008,
433,password433,student,132301009,
434,password434,student,132301010,
435,password435,student,132301011,
436,password436,student,132301012,
437,password437,student,132301013,
438,password438,student,132301014,
439,password439,student,132301015,
440,password440,student,132301016,
441,password441,student,132301017,
442,password442,student,132301018,
443,password443,student,132301019,
444,password444,student,132301020,
445,password445,student,132301021,
446,password446,student,132301022,
447,password447,student,132301023,
448,password448,student,132301024,
449,password449,student,132301025,
450,password450,student,132401001,
451,password451,student,132401002,
452,password452,student,132401003,
453,password453,student,132401004,
454,password454,student,132401005,
455,password455,student,132401006,
456,password456,student,132401007,
457,password457,student,132401008,
458,password458,student,132401009,
459,password459,student,132401010,
460,password460,student,132401011,
461,password461,student,132401012,
462,password462,student,132401013,
463,password463,student,132401014,
464,password464,student,132401015,
465,password465,student,132401016,
466,password466,student,132401017,
467,password467,student,132401018,
468,password468,student,132401019,
469,password469,student,132401020,
470,password470,student,132401021,
471,password471,student,132401022,
472,password472,student,132401023,
473,password473,student,132401024,
474,password474,student,132401025,
475,password475,student,132501001,
476,password476,student,132501002,
477,password477,student,132501003,
478,password478,student,132501004,
479,password479,student,132501005,
480,password480,student,132501006,
481,password481,student,132501007,
482,password482,student,132501008,
483,password483,student,132501009,
484,password484,student,132501010,
485,password485,student,132501011,
486,password486,student,132501012,
487,password487,student,132501013,
488,password488,student,132501014,
489,password489,student,132501015,
490,password490,student,132501016,
491,password491,student,132501017,
492,password492,student,132501018,
493,password493,student,132501019,
494,password494,student,132501020,
495,password495,student,132501021,
496,password496,student,132501022,
497,password497,student,132501023,
498,password498,student,132501024,
499,password499,student,132501025,
500,password500,student,142201001,
501,password501,student,142201002,
502,password502,student,142201003,
503,password503,student,142201004,
504,password504,student,142201005,
505,password505,student,142201006,
506,password506,student,142201007,
507,password507,student,142201008,
508,password508,student,142201009,
509,password509,student,142201010,
510,password510,student,142201011,
511,password511,student,142201012,
512,password512,student,142201013,
513,password513,student,142201014,
514,password514,student,142201015,
515,password515,student,142201016,
516,password516,student,142201017,
517,password517,student,142201018,
518,password518,student,142201019,
519,password519,student,142201020,
520,password520,student,142201021,
521,password521,student,142201022,
522,password522,student,142201023,
523,password523,student,142201024,
524,password524,student,142201025,
525,password525,student,142301001,
526,password526,student,142301002,
527,password527,student,142301003,
528,password528,student,142301004,
529,password529,student,142301005,
530,password530,student,142301006,
531,password531,student,142301007,
532,password532,student,142301008,
533,password533,student,142301009,
534,password534,student,142301010,
535,password535,student,142301011,
536,password536,student,142301012,
537,password537,student,142301013,
538,password538,student,142301014,
539,password539,student,142301015,
540,password540,student,142301016,
541,password541,student,142301017,
542,password542,student,142301018,
543,password543,student,142301019,
544,password544,student,142301020,
545,password545,student,142301021,
546,password546,student,142301022,
547,password547,student,142301023,
548,password548,student,142301024,
549,password549,student,142301025,
550,password550,student,142401001,
551,password551,student,142401002,
552,password552,student,142401003,
553,password553,student,142401004,
554,password554,student,142401005,
555,password555,student,142401006,
556,password556,student,142401007,
557,password557,student,142401008,
558,password558,student,142401009,
559,password559,student,142401010,
560,password560,student,142401011,
561,password561,student,142401012,
562,password562,student,142401013,
563,password563,student,142401014,
564,password564,student,142401015,
565,password565,student,142401016,
566,password566,student,142401017,
567,password567,student,142401018,
568,password568,student,142401019,
569,password569,student,142401020,
570,password570,student,142401021,
571,password571,student,142401022,
572,password572,student,142401023,
573,password573,student,142401024,
574,password574,student,142401025,
575,password575,student,142501001,
576,password576,student,142501002,
577,password577,student,142501003,
578,password578,student,142501004,
579,password579,student,142501005,
580,password580,student,142501006,
581,password581,student,142501007,
582,password582,student,142501008,
583,password583,student,142501009,
584,password584,student,142501010,
585,password585,student,142501011,
586,password586,student,142501012,
587,password587,student,142501013,
588,password588,student,142501014,
589,password589,student,142501015,
590,password590,student,142501016,
591,password591,student,142501017,
592,password592,student,142501018,
593,password593,student,142501019,
594,password594,student,142501020,
595,password595,student,142501021,
596,password596,student,142501022,
597,password597,student,142501023,
598,password598,student,142501024,
599,password599,student,142501025,
600,password600,faculty,,1199000001
601,password601,faculty,,1199000002
602,password602,faculty,,1199000003
603,password603,faculty,,1199000004
604,password604,faculty,,1199000005
605,password605,faculty,,1199000006
606,password606,faculty,,1199000007
607,password607,faculty,,1199000008
608,password608,faculty,,1199000009
609,password609,faculty,,1199000010
610,password610,faculty,,1199000011
611,password611,faculty,,1199000012
612,password612,faculty,,1199000013
613,password613,faculty,,1199000014
614,password614,faculty,,1199000015
615,password615,faculty,,1199000016
616,password616,faculty,,1199000017
617,password617,faculty,,1199000018
618,password618,faculty,,1199000019
619,password619,faculty,,1199000020
620,password620,faculty,,1099000001
621,password621,faculty,,1099000002
622,password622,faculty,,1099000003
623,password623,faculty,,1099000004
624,password624,faculty,,1099000005
625,password625,faculty,,1099000006
626,password626,faculty,,1099000007
627,password627,faculty,,1099000008
628,password628,faculty,,1099000009
629,password629,faculty,,1099000010
630,password630,faculty,,1099000011
631,password631,faculty,,1099000012
632,password632,faculty,,1099000013
633,password633,faculty,,1099000014
634,password634,faculty,,1099000015
635,password635,faculty,,1099000016
636,password636,faculty,,1099000017
637,password637,faculty,,1099000018
638,password638,faculty,,1099000019
639,password639,faculty,,1099000020
640,password640,faculty,,1299000001
641,password641,faculty,,1299000002
642,password642,faculty,,1299000003
643,password643,faculty,,1299000004
644,password644,faculty,,1299000005
645,password645,faculty,,1299000006
646,password646,faculty,,1299000007
647,password647,faculty,,1299000008
648,password648,faculty,,1299000009
649,password649,faculty,,1299000010
650,password650,faculty,,1299000011
651,password651,faculty,,1299000012
652,password652,faculty,,1299000013
653,password653,faculty,,1299000014
654,password654,faculty,,1299000015
655,password655,faculty,,1299000016
656,password656,faculty,,1299000017
657,password657,faculty,,1299000018
658,password658,faculty,,1299000019
659,password659,faculty,,1299000020
660,password660,faculty,,1399000001
661,password661,faculty,,1399000002
662,password662,faculty,,1399000003
663,password663,faculty,,1399000004
664,password664,faculty,,1399000005
665,password665,faculty,,1399000006
666,password666,faculty,,1399000007
667,password667,faculty,,1399000008
668,password668,faculty,,1399000009
669,password669,faculty,,1399000010
670,password670,faculty,,1399000011
671,password671,faculty,,1399000012
672,password672,faculty,,1399000013
673,password673,faculty,,1399000014
674,password674,faculty,,1399000015
675,password675,faculty,,1399000016
676,password676,faculty,,1399000017
677,password677,faculty,,1399000018
678,password678,faculty,,1399000019
679,password679,faculty,,1399000020
680,password680,faculty,,1499000001
681,password681,faculty,,1499000002
682,password682,faculty,,1499000003
683,password683,faculty,,1499000004
684,password684,faculty,,1499000005
685,password685,faculty,,1499000006
686,password686,faculty,,1499000007
687,password687,faculty,,1499000008
688,password688,faculty,,1499000009
689,password689,faculty,,1499000010
690,password690,faculty,,1499000011
691,password691,faculty,,1499000012
692,password692,faculty,,1499000013
693,password693,faculty,,1499000014
694,password694,faculty,,1499000015
695,password695,faculty,,1499000016
696,password696,faculty,,1499000017
697,password697,faculty,,1499000018
698,password698,faculty,,1499000019
699,password699,faculty,,1499000020